Neuron,URL
ADAL,https://www.wormatlas.org/neurons/Individual%20Neurons/ADAframeset.html
ADAL,https://www.wormatlas.org/neurons/Individual%20Neurons/ADAframeset.html
ADAR,https://www.wormatlas.org/neurons/Individual%20Neurons/ADAframeset.html
ADEL,https://www.wormatlas.org/neurons/Individual%20Neurons/ADEframeset.html
ADER,https://www.wormatlas.org/neurons/Individual%20Neurons/ADEframeset.html
ADFL,https://www.wormatlas.org/neurons/Individual%20Neurons/ADFframeset.html
ADFR,https://www.wormatlas.org/neurons/Individual%20Neurons/ADFframeset.html
ADLL,https://www.wormatlas.org/neurons/Individual%20Neurons/ADLframeset.html
ADLR,https://www.wormatlas.org/neurons/Individual%20Neurons/ADLframeset.html
AFDL,https://www.wormatlas.org/neurons/Individual%20Neurons/AFDframeset.html
AFDR,https://www.wormatlas.org/neurons/Individual%20Neurons/AFDframeset.html
AIAL,https://www.wormatlas.org/neurons/Individual%20Neurons/AIAframeset.html
AIAR,https://www.wormatlas.org/neurons/Individual%20Neurons/AIAframeset.html
AIBL,https://www.wormatlas.org/neurons/Individual%20Neurons/AIBframeset.html
AIBR,https://www.wormatlas.org/neurons/Individual%20Neurons/AIBframeset.html
AIML,https://www.wormatlas.org/neurons/Individual%20Neurons/AIMframeset.html
AIMR,https://www.wormatlas.org/neurons/Individual%20Neurons/AIMframeset.html
AINL,https://www.wormatlas.org/neurons/Individual%20Neurons/AINframeset.html
AINR,https://www.wormatlas.org/neurons/Individual%20Neurons/AINframeset.html
AIYL,https://www.wormatlas.org/neurons/Individual%20Neurons/AIYframeset.html
AIYR,https://www.wormatlas.org/neurons/Individual%20Neurons/AIYframeset.html
AIZL,https://www.wormatlas.org/neurons/Individual%20Neurons/AIZframeset.html
AIZR,https://www.wormatlas.org/neurons/Individual%20Neurons/AIZframeset.html
ALA,https://www.wormatlas.org/neurons/Individual%20Neurons/ALAframeset.html
ALML,https://www.wormatlas.org/neurons/Individual%20Neurons/ALMframeset.html
ALMR,https://www.wormatlas.org/neurons/Individual%20Neurons/ALMframeset.html
ALNL,https://www.wormatlas.org/neurons/Individual%20Neurons/ALNframeset.html
ALNR,https://www.wormatlas.org/neurons/Individual%20Neurons/ALNframeset.html
AQR,https://www.wormatlas.org/neurons/Individual%20Neurons/AQRframeset.html
AS1,https://www.wormatlas.org/neurons/Individual%20Neurons/ASframeset.html
AS2,https://www.wormatlas.org/neurons/Individual%20Neurons/ASframeset.html
AS3,https://www.wormatlas.org/neurons/Individual%20Neurons/ASframeset.html
AS4,https://www.wormatlas.org/neurons/Individual%20Neurons/ASframeset.html
AS5,https://www.wormatlas.org/neurons/Individual%20Neurons/ASframeset.html
AS6,https://www.wormatlas.org/neurons/Individual%20Neurons/ASframeset.html
AS7,https://www.wormatlas.org/neurons/Individual%20Neurons/ASframeset.html
AS8,https://www.wormatlas.org/neurons/Individual%20Neurons/ASframeset.html
AS9,https://www.wormatlas.org/neurons/Individual%20Neurons/ASframeset.html
AS10,https://www.wormatlas.org/neurons/Individual%20Neurons/ASframeset.html
AS11,https://www.wormatlas.org/neurons/Individual%20Neurons/ASframeset.html
ASEL,https://www.wormatlas.org/neurons/Individual%20Neurons/ASEframeset.html
ASER,https://www.wormatlas.org/neurons/Individual%20Neurons/ASEframeset.html
ASGL,https://www.wormatlas.org/neurons/Individual%20Neurons/ASGframeset.html
ASGR,https://www.wormatlas.org/neurons/Individual%20Neurons/ASGframeset.html
ASHL,https://www.wormatlas.org/neurons/Individual%20Neurons/ASHframeset.html
ASHR,https://www.wormatlas.org/neurons/Individual%20Neurons/ASHframeset.html
ASIL,https://www.wormatlas.org/neurons/Individual%20Neurons/ASIframeset.html
ASIR,https://www.wormatlas.org/neurons/Individual%20Neurons/ASIframeset.html
ASJL,https://www.wormatlas.org/neurons/Individual%20Neurons/ASJframeset.html
ASJR,https://www.wormatlas.org/neurons/Individual%20Neurons/ASJframeset.html
ASKL,https://www.wormatlas.org/neurons/Individual%20Neurons/ASKframeset.html
ASKR,https://www.wormatlas.org/neurons/Individual%20Neurons/ASKframeset.html
AUAL,https://www.wormatlas.org/neurons/Individual%20Neurons/AUAframeset.html
AUAR,https://www.wormatlas.org/neurons/Individual%20Neurons/AUAframeset.html
AVAL,https://www.wormatlas.org/neurons/Individual%20Neurons/AVAframeset.html
AVAR,https://www.wormatlas.org/neurons/Individual%20Neurons/AVAframeset.html
AVBL,https://www.wormatlas.org/neurons/Individual%20Neurons/AVBframeset.html
AVBR,https://www.wormatlas.org/neurons/Individual%20Neurons/AVBframeset.html
AVDL,https://www.wormatlas.org/neurons/Individual%20Neurons/AVDframeset.html
AVDR,https://www.wormatlas.org/neurons/Individual%20Neurons/AVDframeset.html
AVEL,https://www.wormatlas.org/neurons/Individual%20Neurons/AVEframeset.html
AVER,https://www.wormatlas.org/neurons/Individual%20Neurons/AVEframeset.html
AVFL,https://www.wormatlas.org/neurons/Individual%20Neurons/AVFframeset.html
AVFR,https://www.wormatlas.org/neurons/Individual%20Neurons/AVFframeset.html
AVG,https://www.wormatlas.org/neurons/Individual%20Neurons/AVGframeset.html
AVHL,https://www.wormatlas.org/neurons/Individual%20Neurons/AVHframeset.html
AVHR,https://www.wormatlas.org/neurons/Individual%20Neurons/AVHframeset.html
AVJL,https://www.wormatlas.org/neurons/Individual%20Neurons/AVJframeset.html
AVJR,https://www.wormatlas.org/neurons/Individual%20Neurons/AVJframeset.html
AVKL,https://www.wormatlas.org/neurons/Individual%20Neurons/AVKframeset.html
AVKR,https://www.wormatlas.org/neurons/Individual%20Neurons/AVKframeset.html
AVL,https://www.wormatlas.org/neurons/Individual%20Neurons/AVLframeset.html
AVM,https://www.wormatlas.org/neurons/Individual%20Neurons/AVMframeset.html
AWAL,https://www.wormatlas.org/neurons/Individual%20Neurons/AWAframeset.html
AWAR,https://www.wormatlas.org/neurons/Individual%20Neurons/AWAframeset.html
AWBL,https://www.wormatlas.org/neurons/Individual%20Neurons/AWBframeset.html
AWBR,https://www.wormatlas.org/neurons/Individual%20Neurons/AWBframeset.html
AWCL,https://www.wormatlas.org/neurons/Individual%20Neurons/AWCframeset.html
AWCR,https://www.wormatlas.org/neurons/Individual%20Neurons/AWCframeset.html
BAGL,https://www.wormatlas.org/neurons/Individual%20Neurons/BAGframeset.html
BAGR,https://www.wormatlas.org/neurons/Individual%20Neurons/BAGframeset.html
BDUL,https://www.wormatlas.org/neurons/Individual%20Neurons/BDUframeset.html
BDUR,https://www.wormatlas.org/neurons/Individual%20Neurons/BDUframeset.html
CA1,https://www.wormatlas.org/neurons/Individual%20Neurons/CAframeset.html
CA2,https://www.wormatlas.org/neurons/Individual%20Neurons/CAframeset.html
CA3,https://www.wormatlas.org/neurons/Individual%20Neurons/CAframeset.html
CA4,https://www.wormatlas.org/neurons/Individual%20Neurons/CAframeset.html
CA5,https://www.wormatlas.org/neurons/Individual%20Neurons/CAframeset.html
CA6,https://www.wormatlas.org/neurons/Individual%20Neurons/CAframeset.html
CA7,https://www.wormatlas.org/neurons/Individual%20Neurons/CAframeset.html
CA8,https://www.wormatlas.org/neurons/Individual%20Neurons/CAframeset.html
CA9,https://www.wormatlas.org/neurons/Individual%20Neurons/CAframeset.html
CANL,https://www.wormatlas.org/neurons/Individual%20Neurons/CANframeset.html
CANR,https://www.wormatlas.org/neurons/Individual%20Neurons/CANframeset.html
CEMDL,https://www.wormatlas.org/neurons/Individual%20Neurons/CEMframeset.html
CEMDR,https://www.wormatlas.org/neurons/Individual%20Neurons/CEMframeset.html
CEMVL,https://www.wormatlas.org/neurons/Individual%20Neurons/CEMframeset.html
CEMVR,https://www.wormatlas.org/neurons/Individual%20Neurons/CEMframeset.html
CEPDL,https://www.wormatlas.org/neurons/Individual%20Neurons/CEPframeset.html
CEPDR,https://www.wormatlas.org/neurons/Individual%20Neurons/CEPframeset.html
CEPVL,https://www.wormatlas.org/neurons/Individual%20Neurons/CEPframeset.html
CEPVR,https://www.wormatlas.org/neurons/Individual%20Neurons/CEPframeset.html
CP0,https://www.wormatlas.org/neurons/Individual%20Neurons/CPframeset.html
CP1,https://www.wormatlas.org/neurons/Individual%20Neurons/CPframeset.html
CP2,https://www.wormatlas.org/neurons/Individual%20Neurons/CPframeset.html
CP3,https://www.wormatlas.org/neurons/Individual%20Neurons/CPframeset.html
CP4,https://www.wormatlas.org/neurons/Individual%20Neurons/CPframeset.html
CP5,https://www.wormatlas.org/neurons/Individual%20Neurons/CPframeset.html
CP6,https://www.wormatlas.org/neurons/Individual%20Neurons/CPframeset.html
CP7,https://www.wormatlas.org/neurons/Individual%20Neurons/CPframeset.html
CP8,https://www.wormatlas.org/neurons/Individual%20Neurons/CPframeset.html
CP9,https://www.wormatlas.org/neurons/Individual%20Neurons/CPframeset.html
DA1,https://www.wormatlas.org/neurons/Individual%20Neurons/DAframeset.html
DA2,https://www.wormatlas.org/neurons/Individual%20Neurons/DAframeset.html
DA3,https://www.wormatlas.org/neurons/Individual%20Neurons/DAframeset.html
DA4,https://www.wormatlas.org/neurons/Individual%20Neurons/DAframeset.html
DA5,https://www.wormatlas.org/neurons/Individual%20Neurons/DAframeset.html
DA6,https://www.wormatlas.org/neurons/Individual%20Neurons/DAframeset.html
DA7,https://www.wormatlas.org/neurons/Individual%20Neurons/DAframeset.html
DA8,https://www.wormatlas.org/neurons/Individual%20Neurons/DAframeset.html
DA9,https://www.wormatlas.org/neurons/Individual%20Neurons/DAframeset.html
DB1/3,https://www.wormatlas.org/neurons/Individual%20Neurons/DBframeset.html
DB2,https://www.wormatlas.org/neurons/Individual%20Neurons/DBframeset.html
DB3/1,https://www.wormatlas.org/neurons/Individual%20Neurons/DBframeset.html
DB4,https://www.wormatlas.org/neurons/Individual%20Neurons/DBframeset.html
DB5,https://www.wormatlas.org/neurons/Individual%20Neurons/DBframeset.html
DB6,https://www.wormatlas.org/neurons/Individual%20Neurons/DBframeset.html
DB7,https://www.wormatlas.org/neurons/Individual%20Neurons/DBframeset.html
DD1,https://www.wormatlas.org/neurons/Individual%20Neurons/DDframeset.html
DD2,https://www.wormatlas.org/neurons/Individual%20Neurons/DDframeset.html
DD3,https://www.wormatlas.org/neurons/Individual%20Neurons/DDframeset.html
DD4,https://www.wormatlas.org/neurons/Individual%20Neurons/DDframeset.html
DD5,https://www.wormatlas.org/neurons/Individual%20Neurons/DDframeset.html
DD6,https://www.wormatlas.org/neurons/Individual%20Neurons/DDframeset.html
DVA,https://www.wormatlas.org/neurons/Individual%20Neurons/DVAframeset.html
DVB,https://www.wormatlas.org/neurons/Individual%20Neurons/DVBframeset.html
DVC,https://www.wormatlas.org/neurons/Individual%20Neurons/DVCframeset.html
DVE,https://www.wormatlas.org/neurons/Individual%20Neurons/DVEframeset.html
DVF,https://www.wormatlas.org/neurons/Individual%20Neurons/DVFframeset.html
DX1/2,https://www.wormatlas.org/neurons/Individual%20Neurons/DXframeset.html
DX1/2,https://www.wormatlas.org/neurons/Individual%20Neurons/DXframeset.html
DX3/4,https://www.wormatlas.org/neurons/Individual%20Neurons/DXframeset.html
DX3/4,https://www.wormatlas.org/neurons/Individual%20Neurons/DXframeset.html
EF1/2,https://www.wormatlas.org/neurons/Individual%20Neurons/EFframeset.html
EF1/2,https://www.wormatlas.org/neurons/Individual%20Neurons/EFframeset.html
EF3/4,https://www.wormatlas.org/neurons/Individual%20Neurons/EFframeset.html
EF3/4,https://www.wormatlas.org/neurons/Individual%20Neurons/EFframeset.html
FLPL,https://www.wormatlas.org/neurons/Individual%20Neurons/FLPframeset.html
FLPR,https://www.wormatlas.org/neurons/Individual%20Neurons/FLPframeset.html
HOA,https://www.wormatlas.org/neurons/Individual%20Neurons/HOAframeset.html
HOB,https://www.wormatlas.org/neurons/Individual%20Neurons/HOBframeset.html
HSNL,https://www.wormatlas.org/neurons/Individual%20Neurons/HSNframeset.html
HSNR,https://www.wormatlas.org/neurons/Individual%20Neurons/HSNframeset.html
I1L,https://www.wormatlas.org/neurons/Individual%20Neurons/I1frameset.html
I1R,https://www.wormatlas.org/neurons/Individual%20Neurons/I1frameset.html
I2L,https://www.wormatlas.org/neurons/Individual%20Neurons/I2frameset.html
I2R,https://www.wormatlas.org/neurons/Individual%20Neurons/I2frameset.html
I3,https://www.wormatlas.org/neurons/Individual%20Neurons/I3frameset.html
I4,https://www.wormatlas.org/neurons/Individual%20Neurons/I4frameset.html
I5,https://www.wormatlas.org/neurons/Individual%20Neurons/I5frameset.html
I6,https://www.wormatlas.org/neurons/Individual%20Neurons/I6frameset.html
IL1DL,https://www.wormatlas.org/neurons/Individual%20Neurons/IL1frameset.html
IL1DR,https://www.wormatlas.org/neurons/Individual%20Neurons/IL1frameset.html
IL1L,https://www.wormatlas.org/neurons/Individual%20Neurons/IL1frameset.html
IL1R,https://www.wormatlas.org/neurons/Individual%20Neurons/IL1frameset.html
IL1VL,https://www.wormatlas.org/neurons/Individual%20Neurons/IL1frameset.html
IL1VR,https://www.wormatlas.org/neurons/Individual%20Neurons/IL1frameset.html
IL2DL,https://www.wormatlas.org/neurons/Individual%20Neurons/IL2frameset.html
IL2DR,https://www.wormatlas.org/neurons/Individual%20Neurons/IL2frameset.html
IL2L,https://www.wormatlas.org/neurons/Individual%20Neurons/IL2frameset.html
IL2R,https://www.wormatlas.org/neurons/Individual%20Neurons/IL2frameset.html
IL2VL,https://www.wormatlas.org/neurons/Individual%20Neurons/IL2frameset.html
IL2VR,https://www.wormatlas.org/neurons/Individual%20Neurons/IL2frameset.html
LUAL,https://www.wormatlas.org/neurons/Individual%20Neurons/LUAframeset.html
LUAR,https://www.wormatlas.org/neurons/Individual%20Neurons/LUAframeset.html
M1,https://www.wormatlas.org/neurons/Individual%20Neurons/M1frameset.html
M2L,https://www.wormatlas.org/neurons/Individual%20Neurons/M2frameset.html
M2R,https://www.wormatlas.org/neurons/Individual%20Neurons/M2frameset.html
M3L,https://www.wormatlas.org/neurons/Individual%20Neurons/M3frameset.html
M3R,https://www.wormatlas.org/neurons/Individual%20Neurons/M3frameset.html
M4,https://www.wormatlas.org/neurons/Individual%20Neurons/M4frameset.html
M5,https://www.wormatlas.org/neurons/Individual%20Neurons/M5frameset.html
MCL,https://www.wormatlas.org/neurons/Individual%20Neurons/MCframeset.html
MCR,https://www.wormatlas.org/neurons/Individual%20Neurons/MCframeset.html
MI,https://www.wormatlas.org/neurons/Individual%20Neurons/MIframeset.html
NSML,https://www.wormatlas.org/neurons/Individual%20Neurons/NSMframeset.html
NSMR,https://www.wormatlas.org/neurons/Individual%20Neurons/NSMframeset.html
OLLL,https://www.wormatlas.org/neurons/Individual%20Neurons/OLLframeset.html
OLLR,https://www.wormatlas.org/neurons/Individual%20Neurons/OLLframeset.html
OLQDL,https://www.wormatlas.org/neurons/Individual%20Neurons/OLQframeset.html
OLQDR,https://www.wormatlas.org/neurons/Individual%20Neurons/OLQframeset.html
OLQVL,https://www.wormatlas.org/neurons/Individual%20Neurons/OLQframeset.html
OLQVR,https://www.wormatlas.org/neurons/Individual%20Neurons/OLQframeset.html
PCAL,https://www.wormatlas.org/neurons/Individual%20Neurons/PCAframeset.html
PCAR,https://www.wormatlas.org/neurons/Individual%20Neurons/PCAframeset.html
PCBL,https://www.wormatlas.org/neurons/Individual%20Neurons/PCBframeset.html
PCBR,https://www.wormatlas.org/neurons/Individual%20Neurons/PCBframeset.html
PCCL,https://www.wormatlas.org/neurons/Individual%20Neurons/PCCframeset.html
PCCR,https://www.wormatlas.org/neurons/Individual%20Neurons/PCCframeset.html
PDA,https://www.wormatlas.org/neurons/Individual%20Neurons/PDAframeset.html
PDB,https://www.wormatlas.org/neurons/Individual%20Neurons/PDBframeset.html
PDC,https://www.wormatlas.org/neurons/Individual%20Neurons/PDCframeset.html
PDEL,https://www.wormatlas.org/neurons/Individual%20Neurons/PDEframeset.html
PDER,https://www.wormatlas.org/neurons/Individual%20Neurons/PDEframeset.html
PGA,https://www.wormatlas.org/neurons/Individual%20Neurons/PGAframeset.html
PHAL,https://www.wormatlas.org/neurons/Individual%20Neurons/PHAframeset.html
PHAR,https://www.wormatlas.org/neurons/Individual%20Neurons/PHAframeset.html
PHBL,https://www.wormatlas.org/neurons/Individual%20Neurons/PHBframeset.html
PHBR,https://www.wormatlas.org/neurons/Individual%20Neurons/PHBframeset.html
PHCL,https://www.wormatlas.org/neurons/Individual%20Neurons/PHCframeset.html
PHCR,https://www.wormatlas.org/neurons/Individual%20Neurons/PHCframeset.html
PLML,https://www.wormatlas.org/neurons/Individual%20Neurons/PLMframeset.html
PLMR,https://www.wormatlas.org/neurons/Individual%20Neurons/PLMframeset.html
PLNL,https://www.wormatlas.org/neurons/Individual%20Neurons/PLNframeset.html
PLNR,https://www.wormatlas.org/neurons/Individual%20Neurons/PLNframeset.html
PQR,https://www.wormatlas.org/neurons/Individual%20Neurons/PQRframeset.html
PVCL,https://www.wormatlas.org/neurons/Individual%20Neurons/PVCframeset.html
PVCR,https://www.wormatlas.org/neurons/Individual%20Neurons/PVCframeset.html
PVDL,https://www.wormatlas.org/neurons/Individual%20Neurons/PVDframeset.html
PVDR,https://www.wormatlas.org/neurons/Individual%20Neurons/PVDframeset.html
PVM,https://www.wormatlas.org/neurons/Individual%20Neurons/PVMframeset.html
PVNL,https://www.wormatlas.org/neurons/Individual%20Neurons/PVNframeset.html
PVNR,https://www.wormatlas.org/neurons/Individual%20Neurons/PVNframeset.html
PVPL,https://www.wormatlas.org/neurons/Individual%20Neurons/PVPframeset.html
PVPR,https://www.wormatlas.org/neurons/Individual%20Neurons/PVPframeset.html
PVQL,https://www.wormatlas.org/neurons/Individual%20Neurons/PVQframeset.html
PVQR,https://www.wormatlas.org/neurons/Individual%20Neurons/PVQframeset.html
PVR,https://www.wormatlas.org/neurons/Individual%20Neurons/PVRframeset.html
PVS,https://www.wormatlas.org/neurons/Individual%20Neurons/PVSframeset.html
PVT,https://www.wormatlas.org/neurons/Individual%20Neurons/PVTframeset.html
PVU,https://www.wormatlas.org/neurons/Individual%20Neurons/PVUframeset.html
PVV,https://www.wormatlas.org/neurons/Individual%20Neurons/PVVframeset.html
PVWL,https://www.wormatlas.org/neurons/Individual%20Neurons/PVWframeset.html
PVWR,https://www.wormatlas.org/neurons/Individual%20Neurons/PVWframeset.html
PVY,https://www.wormatlas.org/neurons/Individual%20Neurons/PVYframeset.html
PVX,https://www.wormatlas.org/neurons/Individual%20Neurons/PVXframeset.html
PVZ,https://www.wormatlas.org/neurons/Individual%20Neurons/PVZframeset.html
R1AL,https://www.wormatlas.org/neurons/Individual%20Neurons/R1Aframeset.html
R1AR,https://www.wormatlas.org/neurons/Individual%20Neurons/R1Aframeset.html
R1BL,https://www.wormatlas.org/neurons/Individual%20Neurons/R1Bframeset.html
R1BR,https://www.wormatlas.org/neurons/Individual%20Neurons/R1Bframeset.html
R2AL,https://www.wormatlas.org/neurons/Individual%20Neurons/R2Aframeset.html
R2AR,https://www.wormatlas.org/neurons/Individual%20Neurons/R2Aframeset.html
R2BL,https://www.wormatlas.org/neurons/Individual%20Neurons/R2Bframeset.html
R2BR,https://www.wormatlas.org/neurons/Individual%20Neurons/R2Bframeset.html
R3AL,https://www.wormatlas.org/neurons/Individual%20Neurons/R3Aframeset.html
R3AR,https://www.wormatlas.org/neurons/Individual%20Neurons/R3Aframeset.html
R3BL,https://www.wormatlas.org/neurons/Individual%20Neurons/R3Bframeset.html
R3BR,https://www.wormatlas.org/neurons/Individual%20Neurons/R3Bframeset.html
R4AL,https://www.wormatlas.org/neurons/Individual%20Neurons/R4Aframeset.html
R4AR,https://www.wormatlas.org/neurons/Individual%20Neurons/R4Aframeset.html
R4BL,https://www.wormatlas.org/neurons/Individual%20Neurons/R4Bframeset.html
R4BR,https://www.wormatlas.org/neurons/Individual%20Neurons/R4Bframeset.html
R5AL,https://www.wormatlas.org/neurons/Individual%20Neurons/R5Aframeset.html
R5AR,https://www.wormatlas.org/neurons/Individual%20Neurons/R5Aframeset.html
R5BL,https://www.wormatlas.org/neurons/Individual%20Neurons/R5Bframeset.html
R5BR,https://www.wormatlas.org/neurons/Individual%20Neurons/R5Bframeset.html
R6AL,https://www.wormatlas.org/neurons/Individual%20Neurons/R6Aframeset.html
R6AR,https://www.wormatlas.org/neurons/Individual%20Neurons/R6Aframeset.html
R6BL,https://www.wormatlas.org/neurons/Individual%20Neurons/R6Bframeset.html
R6BR,https://www.wormatlas.org/neurons/Individual%20Neurons/R6Bframeset.html
R7AL,https://www.wormatlas.org/neurons/Individual%20Neurons/R7Aframeset.html
R7AR,https://www.wormatlas.org/neurons/Individual%20Neurons/R7Aframeset.html
R7BL,https://www.wormatlas.org/neurons/Individual%20Neurons/R7Bframeset.html
R7BR,https://www.wormatlas.org/neurons/Individual%20Neurons/R7Bframeset.html
R8AL,https://www.wormatlas.org/neurons/Individual%20Neurons/R8Aframeset.html
R8AR,https://www.wormatlas.org/neurons/Individual%20Neurons/R8Aframeset.html
R8BL,https://www.wormatlas.org/neurons/Individual%20Neurons/R8Bframeset.html
R8BR,https://www.wormatlas.org/neurons/Individual%20Neurons/R8Bframeset.html
R9AL,https://www.wormatlas.org/neurons/Individual%20Neurons/R9Aframeset.html
R9AR,https://www.wormatlas.org/neurons/Individual%20Neurons/R9Aframeset.html
R9BL,https://www.wormatlas.org/neurons/Individual%20Neurons/R9Bframeset.html
R9BR,https://www.wormatlas.org/neurons/Individual%20Neurons/R9Bframeset.html
RIAL,https://www.wormatlas.org/neurons/Individual%20Neurons/RIAframeset.html
RIAR,https://www.wormatlas.org/neurons/Individual%20Neurons/RIAframeset.html
RIBL,https://www.wormatlas.org/neurons/Individual%20Neurons/RIBframeset.html
RIBR,https://www.wormatlas.org/neurons/Individual%20Neurons/RIBframeset.html
RICL,https://www.wormatlas.org/neurons/Individual%20Neurons/RICframeset.html
RICR,https://www.wormatlas.org/neurons/Individual%20Neurons/RICframeset.html
RID,https://www.wormatlas.org/neurons/Individual%20Neurons/RIDframeset.html
RIFL,https://www.wormatlas.org/neurons/Individual%20Neurons/RIFframeset.html
RIFR,https://www.wormatlas.org/neurons/Individual%20Neurons/RIFframeset.html
RIGL,https://www.wormatlas.org/neurons/Individual%20Neurons/RIGframeset.html
RIGR,https://www.wormatlas.org/neurons/Individual%20Neurons/RIGframeset.html
RIH,https://www.wormatlas.org/neurons/Individual%20Neurons/RIHframeset.html
RIML,https://www.wormatlas.org/neurons/Individual%20Neurons/RIMframeset.html
RIMR,https://www.wormatlas.org/neurons/Individual%20Neurons/RIMframeset.html
RIPL,https://www.wormatlas.org/neurons/Individual%20Neurons/RIPframeset.html
RIPR,https://www.wormatlas.org/neurons/Individual%20Neurons/RIPframeset.html
RIR,https://www.wormatlas.org/neurons/Individual%20Neurons/RIRframeset.html
RIS,https://www.wormatlas.org/neurons/Individual%20Neurons/RISframeset.html
RIVL,https://www.wormatlas.org/neurons/Individual%20Neurons/RIVframeset.html
RIVR,https://www.wormatlas.org/neurons/Individual%20Neurons/RIVframeset.html
RMDDL,https://www.wormatlas.org/neurons/Individual%20Neurons/RMDframeset.html
RMDDR,https://www.wormatlas.org/neurons/Individual%20Neurons/RMDframeset.html
RMDL,https://www.wormatlas.org/neurons/Individual%20Neurons/RMDframeset.html
RMDR,https://www.wormatlas.org/neurons/Individual%20Neurons/RMDframeset.html
RMDVL,https://www.wormatlas.org/neurons/Individual%20Neurons/RMDframeset.html
RMDVR,https://www.wormatlas.org/neurons/Individual%20Neurons/RMDframeset.html
RMED,https://www.wormatlas.org/neurons/Individual%20Neurons/RMEframeset.html
RMEL,https://www.wormatlas.org/neurons/Individual%20Neurons/RMEframeset.html
RMER,https://www.wormatlas.org/neurons/Individual%20Neurons/RMEframeset.html
RMEV,https://www.wormatlas.org/neurons/Individual%20Neurons/RMEframeset.html
RMFL,https://www.wormatlas.org/neurons/Individual%20Neurons/RMFframeset.html
RMFR,https://www.wormatlas.org/neurons/Individual%20Neurons/RMFframeset.html
RMGL,https://www.wormatlas.org/neurons/Individual%20Neurons/RMGframeset.html
RMGR,https://www.wormatlas.org/neurons/Individual%20Neurons/RMGframeset.html
RMHL,https://www.wormatlas.org/neurons/Individual%20Neurons/RMHframeset.html
RMHR,https://www.wormatlas.org/neurons/Individual%20Neurons/RMHframeset.html
SAADL,https://www.wormatlas.org/neurons/Individual%20Neurons/SAAframeset.html
SAADR,https://www.wormatlas.org/neurons/Individual%20Neurons/SAAframeset.html
SAAVL,https://www.wormatlas.org/neurons/Individual%20Neurons/SAAframeset.html
SAAVR,https://www.wormatlas.org/neurons/Individual%20Neurons/SAAframeset.html
SABD,https://www.wormatlas.org/neurons/Individual%20Neurons/SABframeset.html
SABVL,https://www.wormatlas.org/neurons/Individual%20Neurons/SABframeset.html
SABVR,https://www.wormatlas.org/neurons/Individual%20Neurons/SABframeset.html
SDQL,https://www.wormatlas.org/neurons/Individual%20Neurons/SDQframeset.html
SDQR,https://www.wormatlas.org/neurons/Individual%20Neurons/SDQframeset.html
SIADL,https://www.wormatlas.org/neurons/Individual%20Neurons/SIAframeset.html
SIADR,https://www.wormatlas.org/neurons/Individual%20Neurons/SIAframeset.html
SIAVL,https://www.wormatlas.org/neurons/Individual%20Neurons/SIAframeset.html
SIAVR,https://www.wormatlas.org/neurons/Individual%20Neurons/SIAframeset.html
SIBDL,https://www.wormatlas.org/neurons/Individual%20Neurons/SIBframeset.html
SIBDR,https://www.wormatlas.org/neurons/Individual%20Neurons/SIBframeset.html
SIBVL,https://www.wormatlas.org/neurons/Individual%20Neurons/SIBframeset.html
SIBVR,https://www.wormatlas.org/neurons/Individual%20Neurons/SIBframeset.html
SMBDL,https://www.wormatlas.org/neurons/Individual%20Neurons/SMBframeset.html
SMBDR,https://www.wormatlas.org/neurons/Individual%20Neurons/SMBframeset.html
SMBVL,https://www.wormatlas.org/neurons/Individual%20Neurons/SMBframeset.html
SMBVR,https://www.wormatlas.org/neurons/Individual%20Neurons/SMBframeset.html
SMDDL,https://www.wormatlas.org/neurons/Individual%20Neurons/SMDframeset.html
SMDDR,https://www.wormatlas.org/neurons/Individual%20Neurons/SMDframeset.html
SMDVL,https://www.wormatlas.org/neurons/Individual%20Neurons/SMDframeset.html
SMDVR,https://www.wormatlas.org/neurons/Individual%20Neurons/SMDframeset.html
SPCL,https://www.wormatlas.org/neurons/Individual%20Neurons/SPCframeset.html
SPCR,https://www.wormatlas.org/neurons/Individual%20Neurons/SPCframeset.html
SPDL,https://www.wormatlas.org/neurons/Individual%20Neurons/SPDframeset.html
SPDR,https://www.wormatlas.org/neurons/Individual%20Neurons/SPDframeset.html
SPVL,https://www.wormatlas.org/neurons/Individual%20Neurons/SPVframeset.html
SPVR,https://www.wormatlas.org/neurons/Individual%20Neurons/SPVframeset.html
URADL,https://www.wormatlas.org/neurons/Individual%20Neurons/URAframeset.html
URADR,https://www.wormatlas.org/neurons/Individual%20Neurons/URAframeset.html
URAVL,https://www.wormatlas.org/neurons/Individual%20Neurons/URAframeset.html
URAVR,https://www.wormatlas.org/neurons/Individual%20Neurons/URAframeset.html
URBL,https://www.wormatlas.org/neurons/Individual%20Neurons/URBframeset.html
URBR,https://www.wormatlas.org/neurons/Individual%20Neurons/URBframeset.html
URXL,https://www.wormatlas.org/neurons/Individual%20Neurons/URXframeset.html
URXR,https://www.wormatlas.org/neurons/Individual%20Neurons/URXframeset.html
URYDL,https://www.wormatlas.org/neurons/Individual%20Neurons/URYframeset.html
URYDR,https://www.wormatlas.org/neurons/Individual%20Neurons/URYframeset.html
URYVL,https://www.wormatlas.org/neurons/Individual%20Neurons/URYframeset.html
URYVR,https://www.wormatlas.org/neurons/Individual%20Neurons/URYframeset.html
VA1,https://www.wormatlas.org/neurons/Individual%20Neurons/VAframeset.html
VA2,https://www.wormatlas.org/neurons/Individual%20Neurons/VAframeset.html
VA3,https://www.wormatlas.org/neurons/Individual%20Neurons/VAframeset.html
VA4,https://www.wormatlas.org/neurons/Individual%20Neurons/VAframeset.html
VA5,https://www.wormatlas.org/neurons/Individual%20Neurons/VAframeset.html
VA6,https://www.wormatlas.org/neurons/Individual%20Neurons/VAframeset.html
VA7,https://www.wormatlas.org/neurons/Individual%20Neurons/VAframeset.html
VA8,https://www.wormatlas.org/neurons/Individual%20Neurons/VAframeset.html
VA9,https://www.wormatlas.org/neurons/Individual%20Neurons/VAframeset.html
VA10,https://www.wormatlas.org/neurons/Individual%20Neurons/VAframeset.html
VA11,https://www.wormatlas.org/neurons/Individual%20Neurons/VAframeset.html
VA12,https://www.wormatlas.org/neurons/Individual%20Neurons/VAframeset.html
VB1,https://www.wormatlas.org/neurons/Individual%20Neurons/VBframeset.html
VB2,https://www.wormatlas.org/neurons/Individual%20Neurons/VBframeset.html
VB3,https://www.wormatlas.org/neurons/Individual%20Neurons/VBframeset.html
VB4,https://www.wormatlas.org/neurons/Individual%20Neurons/VBframeset.html
VB5,https://www.wormatlas.org/neurons/Individual%20Neurons/VBframeset.html
VB6,https://www.wormatlas.org/neurons/Individual%20Neurons/VBframeset.html
VB7,https://www.wormatlas.org/neurons/Individual%20Neurons/VBframeset.html
VB8,https://www.wormatlas.org/neurons/Individual%20Neurons/VBframeset.html
VB9,https://www.wormatlas.org/neurons/Individual%20Neurons/VBframeset.html
VB10,https://www.wormatlas.org/neurons/Individual%20Neurons/VBframeset.html
VB11,https://www.wormatlas.org/neurons/Individual%20Neurons/VBframeset.html
VC1,https://www.wormatlas.org/neurons/Individual%20Neurons/VCframeset.html
VC2,https://www.wormatlas.org/neurons/Individual%20Neurons/VCframeset.html
VC3,https://www.wormatlas.org/neurons/Individual%20Neurons/VCframeset.html
VC4,https://www.wormatlas.org/neurons/Individual%20Neurons/VCframeset.html
VC5,https://www.wormatlas.org/neurons/Individual%20Neurons/VCframeset.html
VC6,https://www.wormatlas.org/neurons/Individual%20Neurons/VCframeset.html
VD1,https://www.wormatlas.org/neurons/Individual%20Neurons/VDframeset.html
VD2,https://www.wormatlas.org/neurons/Individual%20Neurons/VDframeset.html
VD3,https://www.wormatlas.org/neurons/Individual%20Neurons/VDframeset.html
VD4,https://www.wormatlas.org/neurons/Individual%20Neurons/VDframeset.html
VD5,https://www.wormatlas.org/neurons/Individual%20Neurons/VDframeset.html
VD6,https://www.wormatlas.org/neurons/Individual%20Neurons/VDframeset.html
VD7,https://www.wormatlas.org/neurons/Individual%20Neurons/VDframeset.html
VD8,https://www.wormatlas.org/neurons/Individual%20Neurons/VDframeset.html
VD9,https://www.wormatlas.org/neurons/Individual%20Neurons/VDframeset.html
VD10,https://www.wormatlas.org/neurons/Individual%20Neurons/VDframeset.html
VD11,https://www.wormatlas.org/neurons/Individual%20Neurons/VDframeset.html
VD12,https://www.wormatlas.org/neurons/Individual%20Neurons/VDframeset.html
VD13,https://www.wormatlas.org/neurons/Individual%20Neurons/VDframeset.html
